<?xml version="1.0" encoding="UTF-8"?>
<!DOCTYPE hibernate-reverse-engineering PUBLIC "-//Hibernate/Hibernate Reverse Engineering DTD 3.0//EN" "http://hibernate.org/dtd/hibernate-reverse-engineering-3.0.dtd" >

<hibernate-reverse-engineering>
  <table-filter match-catalog="universidad3" match-name="alumno_se_matricula_asignatura"/>
  <table-filter match-catalog="universidad3" match-name="asignatura"/>
  <table-filter match-catalog="universidad3" match-name="curso_escolar"/>
  <table-filter match-catalog="universidad3" match-name="departamento"/>
  <table-filter match-catalog="universidad3" match-name="grado"/>
  <table-filter match-catalog="universidad3" match-name="persona"/>
  <table-filter match-catalog="universidad3" match-name="profesor"/>
  <table-filter match-catalog="universidad3" match-name="resumen_alumno"/>
  <table-filter match-catalog="universidad3" match-name="resumen_asignatura"/>
</hibernate-reverse-engineering>