<?xml version="1.0" encoding="UTF-8" standalone="no"?>
<!DOCTYPE hibernate-configuration PUBLIC "-//Hibernate/Hibernate Configuration DTD 3.0//EN" "http://www.hibernate.org/dtd/hibernate-configuration-3.0.dtd">
<hibernate-configuration>
    <session-factory>
        <property name="hibernate.bytecode.use_reflection_optimizer">false</property>
        <property name="hibernate.connection.driver_class">com.mysql.jdbc.Driver</property>
        <property name="hibernate.connection.password">universidad3</property>
        <property name="hibernate.connection.url">jdbc:mysql://localhost/universidad3</property>
        <property name="hibernate.connection.username">universidad3</property>
        <property name="hibernate.dialect">org.hibernate.dialect.MySQLDialect</property>
        <property name="hibernate.hbm2ddl.auto">none</property>
        <property name="hibernate.search.autoregister_listeners">true</property>
        <property name="hibernate.validator.apply_to_ddl">false</property>
        <mapping resource="model/ResumenAlumno.hbm.xml"/>
        <mapping resource="model/Asignatura.hbm.xml"/>
        <mapping resource="model/ResumenAsignatura.hbm.xml"/>
        <mapping resource="model/AlumnoSeMatriculaAsignatura.hbm.xml"/>
        <mapping resource="model/Persona.hbm.xml"/>
        <mapping resource="model/CursoEscolar.hbm.xml"/>
        <mapping resource="model/Grado.hbm.xml"/>
        <mapping resource="model/Departamento.hbm.xml"/>
        <mapping resource="model/Profesor.hbm.xml"/>
    </session-factory>
</hibernate-configuration>
