/*
ALTER SESSION SET "_ORACLE_SCRIPT"=TRUE;
CREATE USER CAFETERIA IDENTIFIED BY CAFETERIA DEFAULT TABLESPACE USERS QUOTA 50M ON USERS;
GRANT DBA TO CAFETERIA;
*/

-----------------------------------------------------------------------------
-----CREACION DE TABLAS -----------------------------------------------------
-----------------------------------------------------------------------------
DROP TABLE ALLERGENS CASCADE CONSTRAINTS;

CREATE TABLE ALLERGENS (
  CREATED_AT DATE,
  DESCRIPTION VARCHAR2(200 CHAR),
  ID NUMBER(24, 0) GENERATED BY DEFAULT ON NULL AS IDENTITY START WITH 0 INCREMENT BY 1 MINVALUE 0 NOMAXVALUE,
  NAME VARCHAR2(100 CHAR) NOT NULL,
  UPDATED_AT DATE
);

ALTER TABLE ALLERGENS ADD CONSTRAINT PRIMARY PRIMARY KEY ( ID)ENABLE;

DROP TABLE ALLERGENS_PRODUCTS CASCADE CONSTRAINTS;

PROMPT CREATING TABLE ALLERGENS_PRODUCTS ...

CREATE TABLE ALLERGENS_PRODUCTS (
  ALLERGEN_ID NUMBER(24, 0) NOT NULL,
  CREATED_AT DATE,
  PRODUCT_ID NUMBER(24, 0) NOT NULL,
  UPDATED_AT DATE
);

PROMPT CREATING PRIMARY KEY CONSTRAINT PRIMARY_5 ON TABLE ALLERGENS_PRODUCTS ...

ALTER TABLE ALLERGENS_PRODUCTS ADD CONSTRAINT PRIMARY_5 PRIMARY KEY ( PRODUCT_ID, ALLERGEN_ID)ENABLE;

DROP TABLE BOOKINGS CASCADE CONSTRAINTS;

PROMPT CREATING TABLE BOOKINGS ...

CREATE TABLE BOOKINGS (
  CREATED_AT DATE,
  FECHA DATE NOT NULL,
  ID NUMBER(24, 0) GENERATED BY DEFAULT ON NULL AS IDENTITY START WITH 0 INCREMENT BY 1 MINVALUE 0 NOMAXVALUE,
  TABLE_ID NUMBER(24, 0) NOT NULL,
  TURN_ID NUMBER(24, 0) NOT NULL,
  UPDATED_AT DATE,
  USER_ID NUMBER(24, 0) NOT NULL
);

PROMPT CREATING PRIMARY KEY CONSTRAINT PRIMARY_7 ON TABLE BOOKINGS ...

ALTER TABLE BOOKINGS ADD CONSTRAINT PRIMARY_7 PRIMARY KEY ( ID)ENABLE;

DROP TABLE CATEGORIES CASCADE CONSTRAINTS;

PROMPT CREATING TABLE CATEGORIES ...

CREATE TABLE CATEGORIES (
  CREATED_AT DATE,
  DESCRIPTION VARCHAR2(200 CHAR),
  ID NUMBER(24, 0) GENERATED BY DEFAULT ON NULL AS IDENTITY START WITH 0 INCREMENT BY 1 MINVALUE 0 NOMAXVALUE,
  NAME VARCHAR2(100 CHAR) NOT NULL,
  UPDATED_AT DATE
);

PROMPT CREATING PRIMARY KEY CONSTRAINT PRIMARY_4 ON TABLE CATEGORIES ...

ALTER TABLE CATEGORIES ADD CONSTRAINT PRIMARY_4 PRIMARY KEY ( ID)ENABLE;

DROP TABLE DISHES_MENUS CASCADE CONSTRAINTS;

PROMPT CREATING TABLE DISHES_MENUS ...

CREATE TABLE DISHES_MENUS (
  CREATED_AT DATE,
  DISH_ID NUMBER(24, 0) NOT NULL,
  MENU_ID NUMBER(24, 0) NOT NULL,
  ORDEN NUMBER(10, 0) NOT NULL,
  UPDATED_AT DATE
);

PROMPT CREATING PRIMARY KEY CONSTRAINT PRIMARY_11 ON TABLE DISHES_MENUS ...

ALTER TABLE DISHES_MENUS ADD CONSTRAINT PRIMARY_11 PRIMARY KEY ( MENU_ID, DISH_ID)ENABLE;

DROP TABLE ORDERS CASCADE CONSTRAINTS;

PROMPT CREATING TABLE ORDERS ...

CREATE TABLE ORDERS (
  CREATED_AT DATE,
  FECHA DATE NOT NULL,
  ID NUMBER(24, 0) GENERATED BY DEFAULT ON NULL AS IDENTITY START WITH 1 INCREMENT BY 1 MINVALUE 1 NOMAXVALUE,
  UPDATED_AT DATE
);

PROMPT CREATING PRIMARY KEY CONSTRAINT PRIMARY_12 ON TABLE ORDERS ...

ALTER TABLE ORDERS ADD CONSTRAINT PRIMARY_12 PRIMARY KEY (ID)ENABLE;

DROP TABLE ORDERS_PRODUCTS CASCADE CONSTRAINTS;

PROMPT CREATING TABLE ORDERS_PRODUCTS ...

CREATE TABLE ORDERS_PRODUCTS (
  CREATED_AT DATE,
  ORDER_ID NUMBER(24, 0) NOT NULL,
  PRODUCT_ID NUMBER(24, 0) NOT NULL,
  QUANTITY NUMBER(10, 0) NOT NULL,
  UPDATED_AT DATE
);

ALTER TABLE ORDERS_PRODUCTS ADD CONSTRAINT PRIMARY_9 PRIMARY KEY (ORDER_ID, PRODUCT_ID)ENABLE;

------

DROP TABLE PRODUCTS CASCADE CONSTRAINTS;

PROMPT CREATING TABLE PRODUCTS ...

CREATE TABLE PRODUCTS (
  CATEGORY_ID NUMBER(24, 0) NOT NULL,
  CREATED_AT DATE,
  DESCRIPTION VARCHAR2(200 CHAR) NOT NULL,
  FORSALE NUMBER(3, 0) NOT NULL,
  ID NUMBER(24, 0) GENERATED BY DEFAULT ON NULL AS IDENTITY START WITH 0 INCREMENT BY 1 MINVALUE 0 NOMAXVALUE,
  IMAGE BLOB,
  NAME VARCHAR2(100 CHAR) NOT NULL,
  PRICE FLOAT NOT NULL,
  TYPE VARCHAR2(10 CHAR) NOT NULL,
  UPDATED_AT DATE
);

PROMPT CREATING PRIMARY KEY CONSTRAINT PRIMARY_10 ON TABLE PRODUCTS ...

ALTER TABLE PRODUCTS ADD CONSTRAINT PRIMARY_10 PRIMARY KEY (ID)ENABLE;

DROP TABLE TABLES CASCADE CONSTRAINTS;

PROMPT CREATING TABLE TABLES ...

CREATE TABLE TABLES (
  CREATED_AT DATE,
  ID NUMBER(24, 0) GENERATED BY DEFAULT ON NULL AS IDENTITY START WITH 0 INCREMENT BY 1 MINVALUE 0 NOMAXVALUE,
  NAME VARCHAR2(20 CHAR) NOT NULL,
  TAMANYO NUMBER(10, 0) NOT NULL,
  UPDATED_AT DATE
);

PROMPT CREATING PRIMARY KEY CONSTRAINT PRIMARY_8 ON TABLE TABLES ...

ALTER TABLE TABLES ADD CONSTRAINT PRIMARY_8 PRIMARY KEY (ID)ENABLE;

DROP TABLE TURNS CASCADE CONSTRAINTS;

PROMPT CREATING TABLE TURNS ...

CREATE TABLE TURNS (
  CREATED_AT DATE,
  FIN VARCHAR2(20 CHAR) NOT NULL,
  ID NUMBER(24, 0) GENERATED BY DEFAULT ON NULL AS IDENTITY START WITH 0 INCREMENT BY 1 MINVALUE 0 NOMAXVALUE,
  NAME VARCHAR2(20 CHAR) NOT NULL,
  INICIO VARCHAR2(20 CHAR) NOT NULL,
  UPDATED_AT DATE
);

PROMPT CREATING PRIMARY KEY CONSTRAINT PRIMARY_2 ON TABLE TURNS ...

ALTER TABLE TURNS ADD CONSTRAINT PRIMARY_2 PRIMARY KEY (ID)ENABLE;

DROP TABLE USERS CASCADE CONSTRAINTS;

PROMPT CREATING TABLE USERS ...

CREATE TABLE USERS (
  CREATED_AT DATE,
  EMAIL VARCHAR2(255 CHAR) NOT NULL,
  EMAIL_VERIFIED_AT DATE,
  ID NUMBER(24, 0) GENERATED BY DEFAULT ON NULL AS IDENTITY START WITH 0 INCREMENT BY 1 MINVALUE 0 NOMAXVALUE,
  NAME VARCHAR2(255 CHAR) NOT NULL,
  ORDER_ID NUMBER(24, 0) NOT NULL,
  PASSWORD VARCHAR2(255 CHAR) NOT NULL,
  REMEMBER_TOKEN VARCHAR2(100 CHAR),
  UPDATED_AT DATE
);

PROMPT CREATING PRIMARY KEY CONSTRAINT PRIMARY_3 ON TABLE USERS ...

ALTER TABLE USERS ADD CONSTRAINT PRIMARY_3 PRIMARY KEY (ID)ENABLE;

PROMPT CREATING UNIQUE CONSTRAINT USERS_EMAIL_UNIQUE ON TABLE USERS

ALTER TABLE USERS ADD CONSTRAINT USERS_EMAIL_UNIQUE UNIQUE (EMAIL)ENABLE;

PROMPT CREATING INDEX ALLERGENS_PRODUCTS_ALLERGEN_ID_FOREIGN ON ALLERGENS_PRODUCTS ...

CREATE INDEX ALLERGENS_PRODUCTS_ALLERGEN_ID_FOREIGN ON ALLERGENS_PRODUCTS (
  ALLERGEN_ID
);

PROMPT CREATING INDEX BOOKINGS_TABLE_ID_FOREIGN ON BOOKINGS ...

CREATE INDEX BOOKINGS_TABLE_ID_FOREIGN ON BOOKINGS (
  TABLE_ID
);

PROMPT CREATING INDEX BOOKINGS_TURN_ID_FOREIGN ON BOOKINGS ...

CREATE INDEX BOOKINGS_TURN_ID_FOREIGN ON BOOKINGS (
  TURN_ID
);

PROMPT CREATING INDEX BOOKINGS_USER_ID_FOREIGN ON BOOKINGS ...

CREATE INDEX BOOKINGS_USER_ID_FOREIGN ON BOOKINGS (
  USER_ID
);

PROMPT CREATING INDEX DISHES_MENUS_DISH_ID_FOREIGN ON DISHES_MENUS ...

CREATE INDEX DISHES_MENUS_DISH_ID_FOREIGN ON DISHES_MENUS (
  DISH_ID
);

PROMPT CREATING INDEX ORDERS_PRODUCTS_PRODUCT_ID_FOREIGN ON ORDERS_PRODUCTS ...

CREATE INDEX ORDERS_PRODUCTS_PRODUCT_ID_FOREIGN ON ORDERS_PRODUCTS (
  PRODUCT_ID
);

PROMPT CREATING INDEX PASSWORD_RESETS_EMAIL_INDEX ON PASSWORD_RESETS ...

CREATE INDEX PASSWORD_RESETS_EMAIL_INDEX ON PASSWORD_RESETS (
  EMAIL
);

PROMPT CREATING INDEX PERSONAL_ACCESS_TOKENS_TOKENABLE_TYPE_TOKENABLE_ID_INDEX ON PERSONAL_ACCESS_TOKENS ...

CREATE INDEX PERSONAL_ACCESS_TOKENS_TOKENABLE_TYPE_TOKENABLE_ID_INDEX ON PERSONAL_ACCESS_TOKENS (
  TOKENABLE_TYPE,
  TOKENABLE_ID
);

PROMPT CREATING INDEX PRODUCTS_CATEGORY_ID_FOREIGN ON PRODUCTS ...

CREATE INDEX PRODUCTS_CATEGORY_ID_FOREIGN ON PRODUCTS (
  CATEGORY_ID
);

PROMPT CREATING INDEX USERS_ORDER_ID_FOREIGN ON USERS ...

CREATE INDEX USERS_ORDER_ID_FOREIGN ON USERS (
  ORDER_ID
);

PROMPT CREATING FOREIGN KEY CONSTRAINT USERS_ORDER_ID_FOREIGN ON TABLE ORDERS...

ALTER TABLE USERS ADD CONSTRAINT USERS_ORDER_ID_FOREIGN FOREIGN KEY (ORDER_ID)REFERENCES ORDERS(ID)ENABLE;

PROMPT CREATING FOREIGN KEY CONSTRAINT BOOKINGS_TABLE_ID_FOREIGN ON TABLE TABLES...

ALTER TABLE BOOKINGS ADD CONSTRAINT BOOKINGS_TABLE_ID_FOREIGN FOREIGN KEY (TABLE_ID)REFERENCES TABLES(ID)ENABLE;

PROMPT CREATING FOREIGN KEY CONSTRAINT BOOKINGS_TURN_ID_FOREIGN ON TABLE TURNS...

ALTER TABLE BOOKINGS ADD CONSTRAINT BOOKINGS_TURN_ID_FOREIGN FOREIGN KEY (TURN_ID)REFERENCES TURNS(ID)ENABLE;

PROMPT CREATING FOREIGN KEY CONSTRAINT BOOKINGS_USER_ID_FOREIGN ON TABLE USERS...

ALTER TABLE BOOKINGS ADD CONSTRAINT BOOKINGS_USER_ID_FOREIGN FOREIGN KEY (USER_ID)REFERENCES USERS(ID)ENABLE;

PROMPT CREATING FOREIGN KEY CONSTRAINT DISHES_MENUS_DISH_ID_FOREIGN ON TABLE PRODUCTS...

ALTER TABLE DISHES_MENUS ADD CONSTRAINT DISHES_MENUS_DISH_ID_FOREIGN FOREIGN KEY (DISH_ID)REFERENCES PRODUCTS(ID)ENABLE;

PROMPT CREATING FOREIGN KEY CONSTRAINT DISHES_MENUS_MENU_ID_FOREIGN ON TABLE PRODUCTS...

ALTER TABLE DISHES_MENUS ADD CONSTRAINT DISHES_MENUS_MENU_ID_FOREIGN FOREIGN KEY (MENU_ID)REFERENCES PRODUCTS(ID)ENABLE;

PROMPT CREATING FOREIGN KEY CONSTRAINT ORDERS_PRODUCTS_ORDER_ID_FOREIGN ON TABLE ORDERS...

ALTER TABLE ORDERS_PRODUCTS ADD CONSTRAINT ORDERS_PRODUCTS_ORDER_ID_FOREIGN FOREIGN KEY (ORDER_ID)REFERENCES ORDERS(ID)ENABLE;

PROMPT CREATING FOREIGN KEY CONSTRAINT ORDERS_PRODUCTS_PRODUCT_ID_FOREIGN ON TABLE PRODUCTS...

ALTER TABLE ORDERS_PRODUCTS ADD CONSTRAINT ORDERS_PRODUCTS_PRODUCT_ID_FOREIGN FOREIGN KEY (PRODUCT_ID)REFERENCES PRODUCTS(ID)ENABLE;

PROMPT CREATING FOREIGN KEY CONSTRAINT PRODUCTS_CATEGORY_ID_FOREIGN ON TABLE CATEGORIES...

ALTER TABLE PRODUCTS ADD CONSTRAINT PRODUCTS_CATEGORY_ID_FOREIGN FOREIGN KEY (CATEGORY_ID)REFERENCES CATEGORIES(ID)ENABLE;

PROMPT CREATING FOREIGN KEY CONSTRAINT ALLERGENS_PRODUCTS_ALLERGEN_ID_FOREIGN ON TABLE ALLERGENS...

ALTER TABLE ALLERGENS_PRODUCTS ADD CONSTRAINT ALLERGENS_PRODUCTS_ALLERGEN_ID_FOREIGN FOREIGN KEY (ALLERGEN_ID)REFERENCES ALLERGENS(ID)ENABLE;

PROMPT CREATING FOREIGN KEY CONSTRAINT ALLERGENS_PRODUCTS_PRODUCT_ID_FOREIGN ON TABLE PRODUCTS...

ALTER TABLE ALLERGENS_PRODUCTS ADD CONSTRAINT ALLERGENS_PRODUCTS_PRODUCT_ID_FOREIGN FOREIGN KEY (PRODUCT_ID)REFERENCES PRODUCTS(ID)ENABLE;

SPOOL OFF;

COMMIT;

-----------------------------------------------------------------------------
---------------------------INSERCION DE DATOS -------------------------------
-----------------------------------------------------------------------------
--
-- allergens
--
INSERT INTO ALLERGENS (
  ID,
  CREATED_AT,
  UPDATED_AT,
  NAME,
  DESCRIPTION
) VALUES (
  1,
  NULL,
  NULL,
  'Leche y productos lácteos',
  'leche, queso, yogur, mantequilla, crema'
);

INSERT INTO ALLERGENS (
  ID,
  CREATED_AT,
  UPDATED_AT,
  NAME,
  DESCRIPTION
) VALUES (
  2,
  NULL,
  NULL,
  'Huevos',
  'huevos, mayonesa, productos horneados'
);

INSERT INTO ALLERGENS (
  ID,
  CREATED_AT,
  UPDATED_AT,
  NAME,
  DESCRIPTION
) VALUES (
  3,
  NULL,
  NULL,
  'Frutos secos',
  'almendras, nueces, avellanas, anacardos, pistachos'
);

INSERT INTO ALLERGENS (
  ID,
  CREATED_AT,
  UPDATED_AT,
  NAME,
  DESCRIPTION
) VALUES (
  4,
  NULL,
  NULL,
  'Cacahuetes',
  'cacahuetes, salsas, productos horneados'
);

INSERT INTO ALLERGENS (
  ID,
  CREATED_AT,
  UPDATED_AT,
  NAME,
  DESCRIPTION
) VALUES (
  5,
  NULL,
  NULL,
  'Soja',
  'leche de soja, tofu, productos de carne de imitación'
);

INSERT INTO ALLERGENS (
  ID,
  CREATED_AT,
  UPDATED_AT,
  NAME,
  DESCRIPTION
) VALUES (
  6,
  NULL,
  NULL,
  'Trigo y otros cereales',
  'trigo, pan, pasta, cereales'
);

INSERT INTO ALLERGENS (
  ID,
  CREATED_AT,
  UPDATED_AT,
  NAME,
  DESCRIPTION
) VALUES (
  7,
  NULL,
  NULL,
  'Pescados y mariscos',
  'pescado, camarones, langosta, cangrejo'
);

INSERT INTO ALLERGENS (
  ID,
  CREATED_AT,
  UPDATED_AT,
  NAME,
  DESCRIPTION
) VALUES (
  8,
  NULL,
  NULL,
  'Mostaza',
  'mostaza, aderezos para ensaladas, productos de carne procesada'
);

INSERT INTO ALLERGENS (
  ID,
  CREATED_AT,
  UPDATED_AT,
  NAME,
  DESCRIPTION
) VALUES (
  9,
  NULL,
  NULL,
  'Semillas y granos',
  'semillas de sésamo, quinoa, amaranto, productos horneados'
);

INSERT INTO ALLERGENS (
  ID,
  CREATED_AT,
  UPDATED_AT,
  NAME,
  DESCRIPTION
) VALUES (
  10,
  NULL,
  NULL,
  'Frutas y verduras',
  'manzanas, plátanos, tomates, kiwi, melón'
);

--
-- table `categories`
--

INSERT INTO CATEGORIES (
  ID,
  CREATED_AT,
  UPDATED_AT,
  NAME,
  DESCRIPTION
) VALUES (
  1,
  NULL,
  NULL,
  'Pasta',
  NULL
);

INSERT INTO CATEGORIES (
  ID,
  CREATED_AT,
  UPDATED_AT,
  NAME,
  DESCRIPTION
) VALUES (
  2,
  NULL,
  NULL,
  'Pescados',
  NULL
);

INSERT INTO CATEGORIES (
  ID,
  CREATED_AT,
  UPDATED_AT,
  NAME,
  DESCRIPTION
) VALUES (
  3,
  NULL,
  NULL,
  'Carnes',
  NULL
);

INSERT INTO CATEGORIES (
  ID,
  CREATED_AT,
  UPDATED_AT,
  NAME,
  DESCRIPTION
) VALUES (
  4,
  NULL,
  NULL,
  'Desayunos',
  NULL
);

INSERT INTO CATEGORIES (
  ID,
  CREATED_AT,
  UPDATED_AT,
  NAME,
  DESCRIPTION
) VALUES (
  5,
  NULL,
  NULL,
  'Postres',
  NULL
);

INSERT INTO CATEGORIES (
  ID,
  CREATED_AT,
  UPDATED_AT,
  NAME,
  DESCRIPTION
) VALUES (
  6,
  NULL,
  NULL,
  'Bebidas',
  NULL
);

INSERT INTO CATEGORIES (
  ID,
  CREATED_AT,
  UPDATED_AT,
  NAME,
  DESCRIPTION
) VALUES (
  7,
  NULL,
  NULL,
  'Chuches',
  NULL
);

--
-- table `products`
--
INSERT INTO PRODUCTS (
  ID,
  CREATED_AT,
  UPDATED_AT,
  NAME,
  DESCRIPTION,
  PRICE,
  FORSALE,
  TYPE,
  CATEGORY_ID,
  IMAGE
) VALUES (
  1,
  NULL,
  NULL,
  'Espaguetis',
  'Lorem ipsum dolor sit amet, consectetur adipiscing elit. Duis mattis justo ac eleifend vehicula. Suspendisse porta eu nisi id congue. Nulla dignissim ligula id odio accumsan, quis lobortis velit.',
  12.00,
  1,
  'plato',
  1,
  NULL
);

INSERT INTO PRODUCTS (
  ID,
  CREATED_AT,
  UPDATED_AT,
  NAME,
  DESCRIPTION,
  PRICE,
  FORSALE,
  TYPE,
  CATEGORY_ID,
  IMAGE
) VALUES (
  2,
  NULL,
  NULL,
  'Macarrones',
  'Lorem ipsum dolor sit amet, consectetur adipiscing elit. Duis mattis justo ac eleifend vehicula. Suspendisse porta eu nisi id congue. Nulla dignissim ligula id odio accumsan, quis lobortis velit.',
  11.00,
  1,
  'plato',
  1,
  NULL
);

INSERT INTO PRODUCTS (
  ID,
  CREATED_AT,
  UPDATED_AT,
  NAME,
  DESCRIPTION,
  PRICE,
  FORSALE,
  TYPE,
  CATEGORY_ID,
  IMAGE
) VALUES (
  3,
  NULL,
  NULL,
  'Tortellinis',
  'Lorem ipsum dolor sit amet, consectetur adipiscing elit. Duis mattis justo ac eleifend vehicula. Suspendisse porta eu nisi id congue. Nulla dignissim ligula id odio accumsan, quis lobortis velit.',
  15.00,
  1,
  'plato',
  1,
  NULL
);

INSERT INTO PRODUCTS (
  ID,
  CREATED_AT,
  UPDATED_AT,
  NAME,
  DESCRIPTION,
  PRICE,
  FORSALE,
  TYPE,
  CATEGORY_ID,
  IMAGE
) VALUES (
  4,
  NULL,
  NULL,
  'Pasta de colores',
  'Lorem ipsum dolor sit amet, consectetur adipiscing elit. Duis mattis justo ac eleifend vehicula. Suspendisse porta eu nisi id congue. Nulla dignissim ligula id odio accumsan, quis lobortis velit.',
  12.00,
  1,
  'plato',
  1,
  NULL
);

INSERT INTO PRODUCTS (
  ID,
  CREATED_AT,
  UPDATED_AT,
  NAME,
  DESCRIPTION,
  PRICE,
  FORSALE,
  TYPE,
  CATEGORY_ID,
  IMAGE
) VALUES (
  5,
  NULL,
  NULL,
  'Raviolis',
  'Lorem ipsum dolor sit amet, consectetur adipiscing elit. Duis mattis justo ac eleifend vehicula. Suspendisse porta eu nisi id congue. Nulla dignissim ligula id odio accumsan, quis lobortis velit.',
  10.00,
  1,
  'plato',
  1,
  NULL
);

INSERT INTO PRODUCTS (
  ID,
  CREATED_AT,
  UPDATED_AT,
  NAME,
  DESCRIPTION,
  PRICE,
  FORSALE,
  TYPE,
  CATEGORY_ID,
  IMAGE
) VALUES (
  6,
  NULL,
  NULL,
  'Lasaña',
  'Lorem ipsum dolor sit amet, consectetur adipiscing elit. Duis mattis justo ac eleifend vehicula. Suspendisse porta eu nisi id congue. Nulla dignissim ligula id odio accumsan, quis lobortis velit.',
  11.00,
  1,
  'plato',
  1,
  NULL
);

INSERT INTO PRODUCTS (
  ID,
  CREATED_AT,
  UPDATED_AT,
  NAME,
  DESCRIPTION,
  PRICE,
  FORSALE,
  TYPE,
  CATEGORY_ID,
  IMAGE
) VALUES (
  7,
  NULL,
  NULL,
  'Salmón',
  'Lorem ipsum dolor sit amet, consectetur adipiscing elit. Duis mattis justo ac eleifend vehicula. Suspendisse porta eu nisi id congue. Nulla dignissim ligula id odio accumsan, quis lobortis velit.',
  15.00,
  1,
  'plato',
  2,
  NULL
);

INSERT INTO PRODUCTS (
  ID,
  CREATED_AT,
  UPDATED_AT,
  NAME,
  DESCRIPTION,
  PRICE,
  FORSALE,
  TYPE,
  CATEGORY_ID,
  IMAGE
) VALUES (
  8,
  NULL,
  NULL,
  'Merluza',
  'Lorem ipsum dolor sit amet, consectetur adipiscing elit. Duis mattis justo ac eleifend vehicula. Suspendisse porta eu nisi id congue. Nulla dignissim ligula id odio accumsan, quis lobortis velit.',
  16.00,
  1,
  'plato',
  2,
  NULL
);

INSERT INTO PRODUCTS (
  ID,
  CREATED_AT,
  UPDATED_AT,
  NAME,
  DESCRIPTION,
  PRICE,
  FORSALE,
  TYPE,
  CATEGORY_ID,
  IMAGE
) VALUES (
  9,
  NULL,
  NULL,
  'Sardinas',
  'Lorem ipsum dolor sit amet, consectetur adipiscing elit. Duis mattis justo ac eleifend vehicula. Suspendisse porta eu nisi id congue. Nulla dignissim ligula id odio accumsan, quis lobortis velit.',
  18.00,
  1,
  'plato',
  2,
  NULL
);

INSERT INTO PRODUCTS (
  ID,
  CREATED_AT,
  UPDATED_AT,
  NAME,
  DESCRIPTION,
  PRICE,
  FORSALE,
  TYPE,
  CATEGORY_ID,
  IMAGE
) VALUES (
  10,
  NULL,
  NULL,
  'Calamares',
  'Lorem ipsum dolor sit amet, consectetur adipiscing elit. Duis mattis justo ac eleifend vehicula. Suspendisse porta eu nisi id congue. Nulla dignissim ligula id odio accumsan, quis lobortis velit.',
  10.00,
  1,
  'plato',
  2,
  NULL
);

INSERT INTO PRODUCTS (
  ID,
  CREATED_AT,
  UPDATED_AT,
  NAME,
  DESCRIPTION,
  PRICE,
  FORSALE,
  TYPE,
  CATEGORY_ID,
  IMAGE
) VALUES (
  11,
  NULL,
  NULL,
  'Boquerones',
  'Lorem ipsum dolor sit amet, consectetur adipiscing elit. Duis mattis justo ac eleifend vehicula. Suspendisse porta eu nisi id congue. Nulla dignissim ligula id odio accumsan, quis lobortis velit.',
  9.00,
  1,
  'plato',
  2,
  NULL
);

INSERT INTO PRODUCTS (
  ID,
  CREATED_AT,
  UPDATED_AT,
  NAME,
  DESCRIPTION,
  PRICE,
  FORSALE,
  TYPE,
  CATEGORY_ID,
  IMAGE
) VALUES (
  12,
  NULL,
  NULL,
  'Trucha',
  'Lorem ipsum dolor sit amet, consectetur adipiscing elit. Duis mattis justo ac eleifend vehicula. Suspendisse porta eu nisi id congue. Nulla dignissim ligula id odio accumsan, quis lobortis velit.',
  11.00,
  1,
  'plato',
  2,
  NULL
);

INSERT INTO PRODUCTS (
  ID,
  CREATED_AT,
  UPDATED_AT,
  NAME,
  DESCRIPTION,
  PRICE,
  FORSALE,
  TYPE,
  CATEGORY_ID,
  IMAGE
) VALUES (
  13,
  NULL,
  NULL,
  'Ternera',
  'Lorem ipsum dolor sit amet, consectetur adipiscing elit. Duis mattis justo ac eleifend vehicula. Suspendisse porta eu nisi id congue. Nulla dignissim ligula id odio accumsan, quis lobortis velit.',
  15.00,
  1,
  'plato',
  3,
  NULL
);

INSERT INTO PRODUCTS (
  ID,
  CREATED_AT,
  UPDATED_AT,
  NAME,
  DESCRIPTION,
  PRICE,
  FORSALE,
  TYPE,
  CATEGORY_ID,
  IMAGE
) VALUES (
  14,
  NULL,
  NULL,
  'Filete de Buey',
  'Lorem ipsum dolor sit amet, consectetur adipiscing elit. Duis mattis justo ac eleifend vehicula. Suspendisse porta eu nisi id congue. Nulla dignissim ligula id odio accumsan, quis lobortis velit.',
  16.00,
  1,
  'plato',
  3,
  NULL
);

INSERT INTO PRODUCTS (
  ID,
  CREATED_AT,
  UPDATED_AT,
  NAME,
  DESCRIPTION,
  PRICE,
  FORSALE,
  TYPE,
  CATEGORY_ID,
  IMAGE
) VALUES (
  15,
  NULL,
  NULL,
  'Muslos de Pollo',
  'Lorem ipsum dolor sit amet, consectetur adipiscing elit. Duis mattis justo ac eleifend vehicula. Suspendisse porta eu nisi id congue. Nulla dignissim ligula id odio accumsan, quis lobortis velit.',
  12.00,
  1,
  'plato',
  3,
  NULL
);

INSERT INTO PRODUCTS (
  ID,
  CREATED_AT,
  UPDATED_AT,
  NAME,
  DESCRIPTION,
  PRICE,
  FORSALE,
  TYPE,
  CATEGORY_ID,
  IMAGE
) VALUES (
  16,
  NULL,
  NULL,
  'Pechuga de pollo',
  'Lorem ipsum dolor sit amet, consectetur adipiscing elit. Duis mattis justo ac eleifend vehicula. Suspendisse porta eu nisi id congue. Nulla dignissim ligula id odio accumsan, quis lobortis velit.',
  11.00,
  1,
  'plato',
  3,
  NULL
);

INSERT INTO PRODUCTS (
  ID,
  CREATED_AT,
  UPDATED_AT,
  NAME,
  DESCRIPTION,
  PRICE,
  FORSALE,
  TYPE,
  CATEGORY_ID,
  IMAGE
) VALUES (
  17,
  NULL,
  NULL,
  'Carrilleras',
  'Lorem ipsum dolor sit amet, consectetur adipiscing elit. Duis mattis justo ac eleifend vehicula. Suspendisse porta eu nisi id congue. Nulla dignissim ligula id odio accumsan, quis lobortis velit.',
  15.00,
  1,
  'plato',
  3,
  NULL
);

INSERT INTO PRODUCTS (
  ID,
  CREATED_AT,
  UPDATED_AT,
  NAME,
  DESCRIPTION,
  PRICE,
  FORSALE,
  TYPE,
  CATEGORY_ID,
  IMAGE
) VALUES (
  18,
  NULL,
  NULL,
  'Higado encebollado',
  'Lorem ipsum dolor sit amet, consectetur adipiscing elit. Duis mattis justo ac eleifend vehicula. Suspendisse porta eu nisi id congue. Nulla dignissim ligula id odio accumsan, quis lobortis velit.',
  12.00,
  1,
  'plato',
  3,
  NULL
);

INSERT INTO PRODUCTS (
  ID,
  CREATED_AT,
  UPDATED_AT,
  NAME,
  DESCRIPTION,
  PRICE,
  FORSALE,
  TYPE,
  CATEGORY_ID,
  IMAGE
) VALUES (
  19,
  NULL,
  NULL,
  'Churros',
  'Lorem ipsum dolor sit amet, consectetur adipiscing elit. Duis mattis justo ac eleifend vehicula. Suspendisse porta eu nisi id congue. Nulla dignissim ligula id odio accumsan, quis lobortis velit.',
  10.00,
  1,
  'plato',
  4,
  NULL
);

INSERT INTO PRODUCTS (
  ID,
  CREATED_AT,
  UPDATED_AT,
  NAME,
  DESCRIPTION,
  PRICE,
  FORSALE,
  TYPE,
  CATEGORY_ID,
  IMAGE
) VALUES (
  20,
  NULL,
  NULL,
  'Pan con Tomate',
  'Lorem ipsum dolor sit amet, consectetur adipiscing elit. Duis mattis justo ac eleifend vehicula. Suspendisse porta eu nisi id congue. Nulla dignissim ligula id odio accumsan, quis lobortis velit.',
  11.00,
  1,
  'plato',
  4,
  NULL
);

INSERT INTO PRODUCTS (
  ID,
  CREATED_AT,
  UPDATED_AT,
  NAME,
  DESCRIPTION,
  PRICE,
  FORSALE,
  TYPE,
  CATEGORY_ID,
  IMAGE
) VALUES (
  21,
  NULL,
  NULL,
  'Tostadas',
  'Lorem ipsum dolor sit amet, consectetur adipiscing elit. Duis mattis justo ac eleifend vehicula. Suspendisse porta eu nisi id congue. Nulla dignissim ligula id odio accumsan, quis lobortis velit.',
  9.00,
  1,
  'plato',
  4,
  NULL
);

INSERT INTO PRODUCTS (
  ID,
  CREATED_AT,
  UPDATED_AT,
  NAME,
  DESCRIPTION,
  PRICE,
  FORSALE,
  TYPE,
  CATEGORY_ID,
  IMAGE
) VALUES (
  22,
  NULL,
  NULL,
  'Pincho Tortilla',
  'Lorem ipsum dolor sit amet, consectetur adipiscing elit. Duis mattis justo ac eleifend vehicula. Suspendisse porta eu nisi id congue. Nulla dignissim ligula id odio accumsan, quis lobortis velit.',
  14.00,
  1,
  'plato',
  4,
  NULL
);

INSERT INTO PRODUCTS (
  ID,
  CREATED_AT,
  UPDATED_AT,
  NAME,
  DESCRIPTION,
  PRICE,
  FORSALE,
  TYPE,
  CATEGORY_ID,
  IMAGE
) VALUES (
  23,
  NULL,
  NULL,
  'Croissants',
  'Lorem ipsum dolor sit amet, consectetur adipiscing elit. Duis mattis justo ac eleifend vehicula. Suspendisse porta eu nisi id congue. Nulla dignissim ligula id odio accumsan, quis lobortis velit.',
  15.00,
  1,
  'plato',
  4,
  NULL
);

INSERT INTO PRODUCTS (
  ID,
  CREATED_AT,
  UPDATED_AT,
  NAME,
  DESCRIPTION,
  PRICE,
  FORSALE,
  TYPE,
  CATEGORY_ID,
  IMAGE
) VALUES (
  24,
  NULL,
  NULL,
  'Madalenas',
  'Lorem ipsum dolor sit amet, consectetur adipiscing elit. Duis mattis justo ac eleifend vehicula. Suspendisse porta eu nisi id congue. Nulla dignissim ligula id odio accumsan, quis lobortis velit.',
  11.00,
  1,
  'plato',
  4,
  NULL
);

INSERT INTO PRODUCTS (
  ID,
  CREATED_AT,
  UPDATED_AT,
  NAME,
  DESCRIPTION,
  PRICE,
  FORSALE,
  TYPE,
  CATEGORY_ID,
  IMAGE
) VALUES (
  25,
  NULL,
  NULL,
  'Flan con helado',
  'Lorem ipsum dolor sit amet, consectetur adipiscing elit. Duis mattis justo ac eleifend vehicula. Suspendisse porta eu nisi id congue. Nulla dignissim ligula id odio accumsan, quis lobortis velit.',
  12.00,
  1,
  'plato',
  5,
  NULL
);

INSERT INTO PRODUCTS (
  ID,
  CREATED_AT,
  UPDATED_AT,
  NAME,
  DESCRIPTION,
  PRICE,
  FORSALE,
  TYPE,
  CATEGORY_ID,
  IMAGE
) VALUES (
  26,
  NULL,
  NULL,
  'Fruta variada',
  'Lorem ipsum dolor sit amet, consectetur adipiscing elit. Duis mattis justo ac eleifend vehicula. Suspendisse porta eu nisi id congue. Nulla dignissim ligula id odio accumsan, quis lobortis velit.',
  9.00,
  1,
  'plato',
  5,
  NULL
);

INSERT INTO PRODUCTS (
  ID,
  CREATED_AT,
  UPDATED_AT,
  NAME,
  DESCRIPTION,
  PRICE,
  FORSALE,
  TYPE,
  CATEGORY_ID,
  IMAGE
) VALUES (
  27,
  NULL,
  NULL,
  'Tarta al wisky',
  'Lorem ipsum dolor sit amet, consectetur adipiscing elit. Duis mattis justo ac eleifend vehicula. Suspendisse porta eu nisi id congue. Nulla dignissim ligula id odio accumsan, quis lobortis velit.',
  14.00,
  1,
  'plato',
  5,
  NULL
);

INSERT INTO PRODUCTS (
  ID,
  CREATED_AT,
  UPDATED_AT,
  NAME,
  DESCRIPTION,
  PRICE,
  FORSALE,
  TYPE,
  CATEGORY_ID,
  IMAGE
) VALUES (
  28,
  NULL,
  NULL,
  'Helado',
  'Lorem ipsum dolor sit amet, consectetur adipiscing elit. Duis mattis justo ac eleifend vehicula. Suspendisse porta eu nisi id congue. Nulla dignissim ligula id odio accumsan, quis lobortis velit.',
  14.00,
  1,
  'plato',
  5,
  NULL
);

INSERT INTO PRODUCTS (
  ID,
  CREATED_AT,
  UPDATED_AT,
  NAME,
  DESCRIPTION,
  PRICE,
  FORSALE,
  TYPE,
  CATEGORY_ID,
  IMAGE
) VALUES (
  29,
  NULL,
  NULL,
  'Tarta de queso',
  'Lorem ipsum dolor sit amet, consectetur adipiscing elit. Duis mattis justo ac eleifend vehicula. Suspendisse porta eu nisi id congue. Nulla dignissim ligula id odio accumsan, quis lobortis velit.',
  12.00,
  1,
  'plato',
  5,
  NULL
);

INSERT INTO PRODUCTS (
  ID,
  CREATED_AT,
  UPDATED_AT,
  NAME,
  DESCRIPTION,
  PRICE,
  FORSALE,
  TYPE,
  CATEGORY_ID,
  IMAGE
) VALUES (
  30,
  NULL,
  NULL,
  'Tarta San Marcos',
  'Lorem ipsum dolor sit amet, consectetur adipiscing elit. Duis mattis justo ac eleifend vehicula. Suspendisse porta eu nisi id congue. Nulla dignissim ligula id odio accumsan, quis lobortis velit.',
  15.00,
  1,
  'plato',
  5,
  NULL
);

INSERT INTO PRODUCTS (
  ID,
  CREATED_AT,
  UPDATED_AT,
  NAME,
  DESCRIPTION,
  PRICE,
  FORSALE,
  TYPE,
  CATEGORY_ID,
  IMAGE
) VALUES (
  31,
  NULL,
  NULL,
  'Agua',
  'Lorem ipsum dolor sit amet, consectetur adipiscing elit. Duis mattis justo ac eleifend vehicula. Suspendisse porta eu nisi id congue. Nulla dignissim ligula id odio accumsan, quis lobortis velit.',
  5.00,
  1,
  'plato',
  6,
  NULL
);

INSERT INTO PRODUCTS (
  ID,
  CREATED_AT,
  UPDATED_AT,
  NAME,
  DESCRIPTION,
  PRICE,
  FORSALE,
  TYPE,
  CATEGORY_ID,
  IMAGE
) VALUES (
  32,
  NULL,
  NULL,
  'Vino tinto',
  'Lorem ipsum dolor sit amet, consectetur adipiscing elit. Duis mattis justo ac eleifend vehicula. Suspendisse porta eu nisi id congue. Nulla dignissim ligula id odio accumsan, quis lobortis velit.',
  6.00,
  1,
  'plato',
  6,
  NULL
);

INSERT INTO PRODUCTS (
  ID,
  CREATED_AT,
  UPDATED_AT,
  NAME,
  DESCRIPTION,
  PRICE,
  FORSALE,
  TYPE,
  CATEGORY_ID,
  IMAGE
) VALUES (
  33,
  NULL,
  NULL,
  'Vino Blanco',
  'Lorem ipsum dolor sit amet, consectetur adipiscing elit. Duis mattis justo ac eleifend vehicula. Suspendisse porta eu nisi id congue. Nulla dignissim ligula id odio accumsan, quis lobortis velit.',
  6.00,
  1,
  'plato',
  6,
  NULL
);

INSERT INTO PRODUCTS (
  ID,
  CREATED_AT,
  UPDATED_AT,
  NAME,
  DESCRIPTION,
  PRICE,
  FORSALE,
  TYPE,
  CATEGORY_ID,
  IMAGE
) VALUES (
  34,
  NULL,
  NULL,
  'Vino Rosado',
  'Lorem ipsum dolor sit amet, consectetur adipiscing elit. Duis mattis justo ac eleifend vehicula. Suspendisse porta eu nisi id congue. Nulla dignissim ligula id odio accumsan, quis lobortis velit.',
  6.00,
  1,
  'plato',
  6,
  NULL
);

INSERT INTO PRODUCTS (
  ID,
  CREATED_AT,
  UPDATED_AT,
  NAME,
  DESCRIPTION,
  PRICE,
  FORSALE,
  TYPE,
  CATEGORY_ID,
  IMAGE
) VALUES (
  35,
  NULL,
  NULL,
  'Refresco',
  'Lorem ipsum dolor sit amet, consectetur adipiscing elit. Duis mattis justo ac eleifend vehicula. Suspendisse porta eu nisi id congue. Nulla dignissim ligula id odio accumsan, quis lobortis velit.',
  7.00,
  1,
  'plato',
  6,
  NULL
);

INSERT INTO PRODUCTS (
  ID,
  CREATED_AT,
  UPDATED_AT,
  NAME,
  DESCRIPTION,
  PRICE,
  FORSALE,
  TYPE,
  CATEGORY_ID,
  IMAGE
) VALUES (
  36,
  NULL,
  NULL,
  'Agua con gas',
  'Lorem ipsum dolor sit amet, consectetur adipiscing elit. Duis mattis justo ac eleifend vehicula. Suspendisse porta eu nisi id congue. Nulla dignissim ligula id odio accumsan, quis lobortis velit.',
  6.00,
  1,
  'plato',
  6,
  NULL
);

INSERT INTO PRODUCTS (
  ID,
  CREATED_AT,
  UPDATED_AT,
  NAME,
  DESCRIPTION,
  PRICE,
  FORSALE,
  TYPE,
  CATEGORY_ID,
  IMAGE
) VALUES (
  37,
  NULL,
  NULL,
  'La Alcarria',
  'Lorem ipsum dolor sit amet, consectetur adipiscing elit. Duis mattis justo ac eleifend vehicula. Suspendisse porta eu nisi id congue. Nulla dignissim ligula id odio accumsan, quis lobortis velit.',
  25.00,
  1,
  'menu',
  3,
  NULL
);

INSERT INTO PRODUCTS (
  ID,
  CREATED_AT,
  UPDATED_AT,
  NAME,
  DESCRIPTION,
  PRICE,
  FORSALE,
  TYPE,
  CATEGORY_ID,
  IMAGE
) VALUES (
  38,
  NULL,
  NULL,
  'La Primavera',
  'Lorem ipsum dolor sit amet, consectetur adipiscing elit. Duis mattis justo ac eleifend vehicula. Suspendisse porta eu nisi id congue. Nulla dignissim ligula id odio accumsan, quis lobortis velit.',
  35.00,
  1,
  'menu',
  2,
  NULL
);

INSERT INTO PRODUCTS (
  ID,
  CREATED_AT,
  UPDATED_AT,
  NAME,
  DESCRIPTION,
  PRICE,
  FORSALE,
  TYPE,
  CATEGORY_ID,
  IMAGE
) VALUES (
  39,
  NULL,
  NULL,
  'Especial de la semana',
  'Lorem ipsum dolor sit amet, consectetur adipiscing elit. Duis mattis justo ac eleifend vehicula. Suspendisse porta eu nisi id congue. Nulla dignissim ligula id odio accumsan, quis lobortis velit.',
  45.00,
  1,
  'menu',
  1,
  NULL
);

-- --------------------------------------------------------
--allergens_products
--
INSERT INTO ALLERGENS_PRODUCTS (
  CREATED_AT,
  UPDATED_AT,
  PRODUCT_ID,
  ALLERGEN_ID
) VALUES (
  NULL,
  NULL,
  1,
  1
);

INSERT INTO ALLERGENS_PRODUCTS (
  CREATED_AT,
  UPDATED_AT,
  PRODUCT_ID,
  ALLERGEN_ID
) VALUES (
  NULL,
  NULL,
  1,
  4
);

INSERT INTO ALLERGENS_PRODUCTS (
  CREATED_AT,
  UPDATED_AT,
  PRODUCT_ID,
  ALLERGEN_ID
) VALUES (
  NULL,
  NULL,
  1,
  9
);

INSERT INTO ALLERGENS_PRODUCTS (
  CREATED_AT,
  UPDATED_AT,
  PRODUCT_ID,
  ALLERGEN_ID
) VALUES (
  NULL,
  NULL,
  2,
  2
);

INSERT INTO ALLERGENS_PRODUCTS (
  CREATED_AT,
  UPDATED_AT,
  PRODUCT_ID,
  ALLERGEN_ID
) VALUES (
  NULL,
  NULL,
  2,
  5
);

INSERT INTO ALLERGENS_PRODUCTS (
  CREATED_AT,
  UPDATED_AT,
  PRODUCT_ID,
  ALLERGEN_ID
) VALUES (
  NULL,
  NULL,
  3,
  3
);

INSERT INTO ALLERGENS_PRODUCTS (
  CREATED_AT,
  UPDATED_AT,
  PRODUCT_ID,
  ALLERGEN_ID
) VALUES (
  NULL,
  NULL,
  3,
  6
);

INSERT INTO ALLERGENS_PRODUCTS (
  CREATED_AT,
  UPDATED_AT,
  PRODUCT_ID,
  ALLERGEN_ID
) VALUES (
  NULL,
  NULL,
  4,
  7
);

INSERT INTO ALLERGENS_PRODUCTS (
  CREATED_AT,
  UPDATED_AT,
  PRODUCT_ID,
  ALLERGEN_ID
) VALUES (
  NULL,
  NULL,
  4,
  8
);

INSERT INTO ALLERGENS_PRODUCTS (
  CREATED_AT,
  UPDATED_AT,
  PRODUCT_ID,
  ALLERGEN_ID
) VALUES (
  NULL,
  NULL,
  5,
  1
);

INSERT INTO ALLERGENS_PRODUCTS (
  CREATED_AT,
  UPDATED_AT,
  PRODUCT_ID,
  ALLERGEN_ID
) VALUES (
  NULL,
  NULL,
  5,
  2
);

INSERT INTO ALLERGENS_PRODUCTS (
  CREATED_AT,
  UPDATED_AT,
  PRODUCT_ID,
  ALLERGEN_ID
) VALUES (
  NULL,
  NULL,
  5,
  10
);

INSERT INTO ALLERGENS_PRODUCTS (
  CREATED_AT,
  UPDATED_AT,
  PRODUCT_ID,
  ALLERGEN_ID
) VALUES (
  NULL,
  NULL,
  6,
  3
);

INSERT INTO ALLERGENS_PRODUCTS (
  CREATED_AT,
  UPDATED_AT,
  PRODUCT_ID,
  ALLERGEN_ID
) VALUES (
  NULL,
  NULL,
  7,
  4
);

INSERT INTO ALLERGENS_PRODUCTS (
  CREATED_AT,
  UPDATED_AT,
  PRODUCT_ID,
  ALLERGEN_ID
) VALUES (
  NULL,
  NULL,
  7,
  5
);

INSERT INTO ALLERGENS_PRODUCTS (
  CREATED_AT,
  UPDATED_AT,
  PRODUCT_ID,
  ALLERGEN_ID
) VALUES (
  NULL,
  NULL,
  8,
  6
);

INSERT INTO ALLERGENS_PRODUCTS (
  CREATED_AT,
  UPDATED_AT,
  PRODUCT_ID,
  ALLERGEN_ID
) VALUES (
  NULL,
  NULL,
  8,
  7
);

INSERT INTO ALLERGENS_PRODUCTS (
  CREATED_AT,
  UPDATED_AT,
  PRODUCT_ID,
  ALLERGEN_ID
) VALUES (
  NULL,
  NULL,
  9,
  8
);

INSERT INTO ALLERGENS_PRODUCTS (
  CREATED_AT,
  UPDATED_AT,
  PRODUCT_ID,
  ALLERGEN_ID
) VALUES (
  NULL,
  NULL,
  9,
  9
);

INSERT INTO ALLERGENS_PRODUCTS (
  CREATED_AT,
  UPDATED_AT,
  PRODUCT_ID,
  ALLERGEN_ID
) VALUES (
  NULL,
  NULL,
  10,
  1
);

INSERT INTO ALLERGENS_PRODUCTS (
  CREATED_AT,
  UPDATED_AT,
  PRODUCT_ID,
  ALLERGEN_ID
) VALUES (
  NULL,
  NULL,
  10,
  2
);

INSERT INTO ALLERGENS_PRODUCTS (
  CREATED_AT,
  UPDATED_AT,
  PRODUCT_ID,
  ALLERGEN_ID
) VALUES (
  NULL,
  NULL,
  10,
  10
);

INSERT INTO ALLERGENS_PRODUCTS (
  CREATED_AT,
  UPDATED_AT,
  PRODUCT_ID,
  ALLERGEN_ID
) VALUES (
  NULL,
  NULL,
  11,
  3
);

INSERT INTO ALLERGENS_PRODUCTS (
  CREATED_AT,
  UPDATED_AT,
  PRODUCT_ID,
  ALLERGEN_ID
) VALUES (
  NULL,
  NULL,
  11,
  4
);

INSERT INTO ALLERGENS_PRODUCTS (
  CREATED_AT,
  UPDATED_AT,
  PRODUCT_ID,
  ALLERGEN_ID
) VALUES (
  NULL,
  NULL,
  11,
  5
);

INSERT INTO ALLERGENS_PRODUCTS (
  CREATED_AT,
  UPDATED_AT,
  PRODUCT_ID,
  ALLERGEN_ID
) VALUES (
  NULL,
  NULL,
  12,
  6
);

INSERT INTO ALLERGENS_PRODUCTS (
  CREATED_AT,
  UPDATED_AT,
  PRODUCT_ID,
  ALLERGEN_ID
) VALUES (
  NULL,
  NULL,
  13,
  7
);

INSERT INTO ALLERGENS_PRODUCTS (
  CREATED_AT,
  UPDATED_AT,
  PRODUCT_ID,
  ALLERGEN_ID
) VALUES (
  NULL,
  NULL,
  13,
  8
);

INSERT INTO ALLERGENS_PRODUCTS (
  CREATED_AT,
  UPDATED_AT,
  PRODUCT_ID,
  ALLERGEN_ID
) VALUES (
  NULL,
  NULL,
  13,
  9
);

INSERT INTO ALLERGENS_PRODUCTS (
  CREATED_AT,
  UPDATED_AT,
  PRODUCT_ID,
  ALLERGEN_ID
) VALUES (
  NULL,
  NULL,
  14,
  1
);

INSERT INTO ALLERGENS_PRODUCTS (
  CREATED_AT,
  UPDATED_AT,
  PRODUCT_ID,
  ALLERGEN_ID
) VALUES (
  NULL,
  NULL,
  14,
  10
);

INSERT INTO ALLERGENS_PRODUCTS (
  CREATED_AT,
  UPDATED_AT,
  PRODUCT_ID,
  ALLERGEN_ID
) VALUES (
  NULL,
  NULL,
  15,
  2
);

INSERT INTO ALLERGENS_PRODUCTS (
  CREATED_AT,
  UPDATED_AT,
  PRODUCT_ID,
  ALLERGEN_ID
) VALUES (
  NULL,
  NULL,
  15,
  3
);

INSERT INTO ALLERGENS_PRODUCTS (
  CREATED_AT,
  UPDATED_AT,
  PRODUCT_ID,
  ALLERGEN_ID
) VALUES (
  NULL,
  NULL,
  16,
  4
);

INSERT INTO ALLERGENS_PRODUCTS (
  CREATED_AT,
  UPDATED_AT,
  PRODUCT_ID,
  ALLERGEN_ID
) VALUES (
  NULL,
  NULL,
  17,
  5
);

INSERT INTO ALLERGENS_PRODUCTS (
  CREATED_AT,
  UPDATED_AT,
  PRODUCT_ID,
  ALLERGEN_ID
) VALUES (
  NULL,
  NULL,
  17,
  6
);

INSERT INTO ALLERGENS_PRODUCTS (
  CREATED_AT,
  UPDATED_AT,
  PRODUCT_ID,
  ALLERGEN_ID
) VALUES (
  NULL,
  NULL,
  17,
  7
);

INSERT INTO ALLERGENS_PRODUCTS (
  CREATED_AT,
  UPDATED_AT,
  PRODUCT_ID,
  ALLERGEN_ID
) VALUES (
  NULL,
  NULL,
  18,
  8
);

INSERT INTO ALLERGENS_PRODUCTS (
  CREATED_AT,
  UPDATED_AT,
  PRODUCT_ID,
  ALLERGEN_ID
) VALUES (
  NULL,
  NULL,
  18,
  9
);

INSERT INTO ALLERGENS_PRODUCTS (
  CREATED_AT,
  UPDATED_AT,
  PRODUCT_ID,
  ALLERGEN_ID
) VALUES (
  NULL,
  NULL,
  19,
  10
);

INSERT INTO ALLERGENS_PRODUCTS (
  CREATED_AT,
  UPDATED_AT,
  PRODUCT_ID,
  ALLERGEN_ID
) VALUES (
  NULL,
  NULL,
  20,
  1
);

INSERT INTO ALLERGENS_PRODUCTS (
  CREATED_AT,
  UPDATED_AT,
  PRODUCT_ID,
  ALLERGEN_ID
) VALUES (
  NULL,
  NULL,
  21,
  2
);

INSERT INTO ALLERGENS_PRODUCTS (
  CREATED_AT,
  UPDATED_AT,
  PRODUCT_ID,
  ALLERGEN_ID
) VALUES (
  NULL,
  NULL,
  21,
  3
);

INSERT INTO ALLERGENS_PRODUCTS (
  CREATED_AT,
  UPDATED_AT,
  PRODUCT_ID,
  ALLERGEN_ID
) VALUES (
  NULL,
  NULL,
  22,
  4
);

INSERT INTO ALLERGENS_PRODUCTS (
  CREATED_AT,
  UPDATED_AT,
  PRODUCT_ID,
  ALLERGEN_ID
) VALUES (
  NULL,
  NULL,
  23,
  5
);

INSERT INTO ALLERGENS_PRODUCTS (
  CREATED_AT,
  UPDATED_AT,
  PRODUCT_ID,
  ALLERGEN_ID
) VALUES (
  NULL,
  NULL,
  24,
  1
);

INSERT INTO ALLERGENS_PRODUCTS (
  CREATED_AT,
  UPDATED_AT,
  PRODUCT_ID,
  ALLERGEN_ID
) VALUES (
  NULL,
  NULL,
  24,
  6
);

INSERT INTO ALLERGENS_PRODUCTS (
  CREATED_AT,
  UPDATED_AT,
  PRODUCT_ID,
  ALLERGEN_ID
) VALUES (
  NULL,
  NULL,
  25,
  1
);

INSERT INTO ALLERGENS_PRODUCTS (
  CREATED_AT,
  UPDATED_AT,
  PRODUCT_ID,
  ALLERGEN_ID
) VALUES (
  NULL,
  NULL,
  25,
  2
);

INSERT INTO ALLERGENS_PRODUCTS (
  CREATED_AT,
  UPDATED_AT,
  PRODUCT_ID,
  ALLERGEN_ID
) VALUES (
  NULL,
  NULL,
  26,
  10
);

INSERT INTO ALLERGENS_PRODUCTS (
  CREATED_AT,
  UPDATED_AT,
  PRODUCT_ID,
  ALLERGEN_ID
) VALUES (
  NULL,
  NULL,
  27,
  6
);

INSERT INTO ALLERGENS_PRODUCTS (
  CREATED_AT,
  UPDATED_AT,
  PRODUCT_ID,
  ALLERGEN_ID
) VALUES (
  NULL,
  NULL,
  28,
  1
);

INSERT INTO ALLERGENS_PRODUCTS (
  CREATED_AT,
  UPDATED_AT,
  PRODUCT_ID,
  ALLERGEN_ID
) VALUES (
  NULL,
  NULL,
  29,
  1
);

INSERT INTO ALLERGENS_PRODUCTS (
  CREATED_AT,
  UPDATED_AT,
  PRODUCT_ID,
  ALLERGEN_ID
) VALUES (
  NULL,
  NULL,
  29,
  6
);

INSERT INTO ALLERGENS_PRODUCTS (
  CREATED_AT,
  UPDATED_AT,
  PRODUCT_ID,
  ALLERGEN_ID
) VALUES (
  NULL,
  NULL,
  30,
  1
);

INSERT INTO ALLERGENS_PRODUCTS (
  CREATED_AT,
  UPDATED_AT,
  PRODUCT_ID,
  ALLERGEN_ID
) VALUES (
  NULL,
  NULL,
  30,
  6
);

-- --------------------------------------------------------

--
--  table `dishes_menus`
--
INSERT INTO DISHES_MENUS (
  CREATED_AT,
  UPDATED_AT,
  MENU_ID,
  DISH_ID,
  ORDEN
) VALUES (
  NULL,
  NULL,
  37,
  1,
  1
);

INSERT INTO DISHES_MENUS (
  CREATED_AT,
  UPDATED_AT,
  MENU_ID,
  DISH_ID,
  ORDEN
) VALUES (
  NULL,
  NULL,
  37,
  7,
  2
);

INSERT INTO DISHES_MENUS (
  CREATED_AT,
  UPDATED_AT,
  MENU_ID,
  DISH_ID,
  ORDEN
) VALUES (
  NULL,
  NULL,
  37,
  19,
  3
);

INSERT INTO DISHES_MENUS (
  CREATED_AT,
  UPDATED_AT,
  MENU_ID,
  DISH_ID,
  ORDEN
) VALUES (
  NULL,
  NULL,
  38,
  2,
  1
);

INSERT INTO DISHES_MENUS (
  CREATED_AT,
  UPDATED_AT,
  MENU_ID,
  DISH_ID,
  ORDEN
) VALUES (
  NULL,
  NULL,
  38,
  14,
  2
);

INSERT INTO DISHES_MENUS (
  CREATED_AT,
  UPDATED_AT,
  MENU_ID,
  DISH_ID,
  ORDEN
) VALUES (
  NULL,
  NULL,
  38,
  16,
  3
);

INSERT INTO DISHES_MENUS (
  CREATED_AT,
  UPDATED_AT,
  MENU_ID,
  DISH_ID,
  ORDEN
) VALUES (
  NULL,
  NULL,
  39,
  3,
  1
);

INSERT INTO DISHES_MENUS (
  CREATED_AT,
  UPDATED_AT,
  MENU_ID,
  DISH_ID,
  ORDEN
) VALUES (
  NULL,
  NULL,
  39,
  13,
  2
);

INSERT INTO DISHES_MENUS (
  CREATED_AT,
  UPDATED_AT,
  MENU_ID,
  DISH_ID,
  ORDEN
) VALUES (
  NULL,
  NULL,
  39,
  18,
  3
);

-- --------------------------------------------------------
--
-- Dumping data for table `tables`
--

INSERT INTO TABLES (
  ID,
  CREATED_AT,
  UPDATED_AT,
  NAME,
  TAMANYO
) VALUES (
  1,
  NULL,
  NULL,
  'Mesa 1',
  4
);

INSERT INTO TABLES (
  ID,
  CREATED_AT,
  UPDATED_AT,
  NAME,
  TAMANYO
) VALUES (
  2,
  NULL,
  NULL,
  'Mesa 2',
  4
);

INSERT INTO TABLES (
  ID,
  CREATED_AT,
  UPDATED_AT,
  NAME,
  TAMANYO
) VALUES (
  3,
  NULL,
  NULL,
  'Mesa 3',
  4
);

INSERT INTO TABLES (
  ID,
  CREATED_AT,
  UPDATED_AT,
  NAME,
  TAMANYO
) VALUES (
  4,
  NULL,
  NULL,
  'Mesa 4',
  6
);

INSERT INTO TABLES (
  ID,
  CREATED_AT,
  UPDATED_AT,
  NAME,
  TAMANYO
) VALUES (
  5,
  NULL,
  NULL,
  'Mesa 5',
  6
);

INSERT INTO TABLES (
  ID,
  CREATED_AT,
  UPDATED_AT,
  NAME,
  TAMANYO
) VALUES (
  6,
  NULL,
  NULL,
  'Mesa 6',
  8
);

INSERT INTO TABLES (
  ID,
  CREATED_AT,
  UPDATED_AT,
  NAME,
  TAMANYO
) VALUES (
  7,
  NULL,
  NULL,
  'Mesa 7',
  8
);

--
--  table `turns`
--
INSERT INTO TURNS (
  ID,
  CREATED_AT,
  UPDATED_AT,
  NAME,
  INICIO,
  FIN
) VALUES (
  1,
  NULL,
  NULL,
  'Comida 1',
  '13:00',
  '14:30'
);

INSERT INTO TURNS (
  ID,
  CREATED_AT,
  UPDATED_AT,
  NAME,
  INICIO,
  FIN
) VALUES (
  2,
  NULL,
  NULL,
  'Comida 2',
  '14:30',
  '16:00'
);

INSERT INTO TURNS (
  ID,
  CREATED_AT,
  UPDATED_AT,
  NAME,
  INICIO,
  FIN
) VALUES (
  3,
  NULL,
  NULL,
  'Cena 1',
  '20:00',
  '22:00'
);

INSERT INTO TURNS (
  ID,
  CREATED_AT,
  UPDATED_AT,
  NAME,
  INICIO,
  FIN
) VALUES (
  4,
  NULL,
  NULL,
  'Cena 2',
  '22:00',
  '23:30'
);

-- --------------------------------------------------------
COMMIT;

-- -------------------------------------------------------------
-- datos generados al azar, puede que no tengan mucho sentido---
-- -------------------------------------------------------------