<?xml version="1.0" encoding="UTF-8" standalone="no"?>
<!-- Generated 15 dic 2021 20:15:27 by Hibernate Tools 5.4.32.Final --><!DOCTYPE hibernate-mapping PUBLIC "-//Hibernate/Hibernate Mapping DTD 3.0//EN" "http://www.hibernate.org/dtd/hibernate-mapping-3.0.dtd">
<hibernate-mapping auto-import="true" default-access="property" default-cascade="none" default-lazy="true">
    <class catalog="universidad3" dynamic-insert="false" dynamic-update="false" mutable="true" name="model.Asignatura" optimistic-lock="none" polymorphism="implicit" select-before-update="false" table="asignatura">
        <id name="id" type="java.lang.Integer">
            <column name="id"/>
            <generator class="identity"/>
        </id>
        <many-to-one class="model.Grado" embed-xml="true" fetch="select" insert="true" name="grado" not-found="exception" optimistic-lock="true" unique="false" update="true">
            <column name="id_grado" not-null="true"/>
        </many-to-one>
        <many-to-one class="model.Profesor" embed-xml="true" fetch="select" insert="true" name="profesor" not-found="exception" optimistic-lock="true" unique="false" update="true">
            <column name="id_profesor"/>
        </many-to-one>
        <property generated="never" lazy="false" name="nombre" optimistic-lock="true" type="string" unique="false">
            <column length="100" name="nombre" not-null="true"/>
        </property>
        <property generated="never" lazy="false" name="creditos" optimistic-lock="true" type="float" unique="false">
            <column name="creditos" not-null="true" precision="12" scale="0"/>
        </property>
        <property generated="never" lazy="false" name="tipo" optimistic-lock="true" type="string" unique="false">
            <column length="15" name="tipo" not-null="true"/>
        </property>
        <property generated="never" lazy="false" name="curso" optimistic-lock="true" type="byte" unique="false">
            <column name="curso" not-null="true"/>
        </property>
        <property generated="never" lazy="false" name="cuatrimestre" optimistic-lock="true" type="byte" unique="false">
            <column name="cuatrimestre" not-null="true"/>
        </property>
        <set embed-xml="true" fetch="select" inverse="true" lazy="true" mutable="true" name="alumnoSeMatriculaAsignaturas" optimistic-lock="true" sort="unsorted" table="alumno_se_matricula_asignatura">
            <key on-delete="noaction">
                <column name="id_asignatura" not-null="true"/>
            </key>
            <one-to-many class="model.AlumnoSeMatriculaAsignatura" embed-xml="true" not-found="exception"/>
        </set>
        <one-to-one class="model.ResumenAsignatura" constrained="false" embed-xml="true" name="resumenAsignatura"/>
    </class>
</hibernate-mapping>
