<?xml version="1.0" encoding="UTF-8" standalone="no"?>
<!-- Generated 15 dic 2021 20:15:27 by Hibernate Tools 5.4.32.Final --><!DOCTYPE hibernate-mapping PUBLIC "-//Hibernate/Hibernate Mapping DTD 3.0//EN" "http://www.hibernate.org/dtd/hibernate-mapping-3.0.dtd">
<hibernate-mapping auto-import="true" default-access="property" default-cascade="none" default-lazy="true">
    <class catalog="universidad3" dynamic-insert="false" dynamic-update="false" mutable="true" name="model.CursoEscolar" optimistic-lock="none" polymorphism="implicit" select-before-update="false" table="curso_escolar">
        <id name="id" type="java.lang.Integer">
            <column name="id"/>
            <generator class="identity"/>
        </id>
        <property generated="never" lazy="false" name="anyoInicio" optimistic-lock="true" type="date" unique="false">
            <column length="4" name="anyo_inicio" not-null="true"/>
        </property>
        <property generated="never" lazy="false" name="anyoFin" optimistic-lock="true" type="date" unique="false">
            <column length="4" name="anyo_fin" not-null="true"/>
        </property>
        <set embed-xml="true" fetch="select" inverse="true" lazy="true" mutable="true" name="alumnoSeMatriculaAsignaturas" optimistic-lock="true" sort="unsorted" table="alumno_se_matricula_asignatura">
            <key on-delete="noaction">
                <column name="id_curso_escolar" not-null="true"/>
            </key>
            <one-to-many class="model.AlumnoSeMatriculaAsignatura" embed-xml="true" not-found="exception"/>
        </set>
        <set embed-xml="true" fetch="select" inverse="true" lazy="true" mutable="true" name="resumenAlumnos" optimistic-lock="true" sort="unsorted" table="resumen_alumno">
            <key on-delete="noaction">
                <column name="id_curso_escolar" not-null="true"/>
            </key>
            <one-to-many class="model.ResumenAlumno" embed-xml="true" not-found="exception"/>
        </set>
    </class>
</hibernate-mapping>
