<?xml version="1.0" encoding="UTF-8" standalone="no"?>
<!-- Generated 15 dic 2021 20:15:27 by Hibernate Tools 5.4.32.Final --><!DOCTYPE hibernate-mapping PUBLIC "-//Hibernate/Hibernate Mapping DTD 3.0//EN" "http://www.hibernate.org/dtd/hibernate-mapping-3.0.dtd">
<hibernate-mapping auto-import="true" default-access="property" default-cascade="none" default-lazy="true">
    <class catalog="universidad3" dynamic-insert="false" dynamic-update="false" mutable="true" name="model.Grado" optimistic-lock="none" polymorphism="implicit" select-before-update="false" table="grado">
        <id name="id" type="java.lang.Integer">
            <column name="id"/>
            <generator class="identity"/>
        </id>
        <property generated="never" lazy="false" name="nombre" optimistic-lock="true" type="string" unique="false">
            <column length="100" name="nombre" not-null="true"/>
        </property>
        <property generated="never" lazy="false" name="numasig" optimistic-lock="true" type="java.lang.Integer" unique="false">
            <column name="numasig"/>
        </property>
        <property generated="never" lazy="false" name="sumacreditos" optimistic-lock="true" type="java.lang.Integer" unique="false">
            <column name="sumacreditos"/>
        </property>
        <set embed-xml="true" fetch="select" inverse="true" lazy="true" mutable="true" name="asignaturas" optimistic-lock="true" sort="unsorted" table="asignatura">
            <key on-delete="noaction">
                <column name="id_grado" not-null="true"/>
            </key>
            <one-to-many class="model.Asignatura" embed-xml="true" not-found="exception"/>
        </set>
    </class>
</hibernate-mapping>
