<?xml version="1.0" encoding="UTF-8" standalone="no"?>
<!-- Generated 15 dic 2021 20:15:27 by Hibernate Tools 5.4.32.Final --><!DOCTYPE hibernate-mapping PUBLIC "-//Hibernate/Hibernate Mapping DTD 3.0//EN" "http://www.hibernate.org/dtd/hibernate-mapping-3.0.dtd">
<hibernate-mapping auto-import="true" default-access="property" default-cascade="none" default-lazy="true">
    <class catalog="universidad3" dynamic-insert="false" dynamic-update="false" mutable="true" name="model.Persona" optimistic-lock="none" polymorphism="implicit" select-before-update="false" table="persona">
        <id name="id" type="java.lang.Integer">
            <column name="id"/>
            <generator class="identity"/>
        </id>
        <property generated="never" lazy="false" name="nif" optimistic-lock="true" type="string" unique="false">
            <column length="9" name="nif" unique="true"/>
        </property>
        <property generated="never" lazy="false" name="nombre" optimistic-lock="true" type="string" unique="false">
            <column length="25" name="nombre" not-null="true"/>
        </property>
        <property generated="never" lazy="false" name="apellido1" optimistic-lock="true" type="string" unique="false">
            <column length="50" name="apellido1" not-null="true"/>
        </property>
        <property generated="never" lazy="false" name="apellido2" optimistic-lock="true" type="string" unique="false">
            <column length="50" name="apellido2"/>
        </property>
        <property generated="never" lazy="false" name="ciudad" optimistic-lock="true" type="string" unique="false">
            <column length="25" name="ciudad" not-null="true"/>
        </property>
        <property generated="never" lazy="false" name="direccion" optimistic-lock="true" type="string" unique="false">
            <column length="50" name="direccion" not-null="true"/>
        </property>
        <property generated="never" lazy="false" name="telefono" optimistic-lock="true" type="string" unique="false">
            <column length="9" name="telefono"/>
        </property>
        <property generated="never" lazy="false" name="fechaNacimiento" optimistic-lock="true" type="date" unique="false">
            <column length="10" name="fecha_nacimiento" not-null="true"/>
        </property>
        <property generated="never" lazy="false" name="sexo" optimistic-lock="true" type="char" unique="false">
            <column length="1" name="sexo" not-null="true"/>
        </property>
        <property generated="never" lazy="false" name="tipo" optimistic-lock="true" type="string" unique="false">
            <column length="8" name="tipo" not-null="true"/>
        </property>
        <one-to-one class="model.Profesor" constrained="false" embed-xml="true" name="profesor"/>
        <set embed-xml="true" fetch="select" inverse="true" lazy="true" mutable="true" name="alumnoSeMatriculaAsignaturas" optimistic-lock="true" sort="unsorted" table="alumno_se_matricula_asignatura">
            <key on-delete="noaction">
                <column name="id_alumno" not-null="true"/>
            </key>
            <one-to-many class="model.AlumnoSeMatriculaAsignatura" embed-xml="true" not-found="exception"/>
        </set>
        <set embed-xml="true" fetch="select" inverse="true" lazy="true" mutable="true" name="resumenAlumnos" optimistic-lock="true" sort="unsorted" table="resumen_alumno">
            <key on-delete="noaction">
                <column name="id_alumno" not-null="true"/>
            </key>
            <one-to-many class="model.ResumenAlumno" embed-xml="true" not-found="exception"/>
        </set>
    </class>
</hibernate-mapping>
