<?xml version="1.0" encoding="UTF-8" standalone="no"?>
<!-- Generated 15 dic 2021 20:15:27 by Hibernate Tools 5.4.32.Final --><!DOCTYPE hibernate-mapping PUBLIC "-//Hibernate/Hibernate Mapping DTD 3.0//EN" "http://www.hibernate.org/dtd/hibernate-mapping-3.0.dtd">
<hibernate-mapping auto-import="true" default-access="property" default-cascade="none" default-lazy="true">
    <class catalog="universidad3" dynamic-insert="false" dynamic-update="false" mutable="true" name="model.Profesor" optimistic-lock="none" polymorphism="implicit" select-before-update="false" table="profesor">
        <id name="idProfesor" type="int">
            <column name="id_profesor"/>
            <generator class="foreign">
                <param name="property">persona</param>
            </generator>
        </id>
        <many-to-one class="model.Departamento" embed-xml="true" fetch="select" insert="true" name="departamento" not-found="exception" optimistic-lock="true" unique="false" update="true">
            <column name="id_departamento" not-null="true"/>
        </many-to-one>
        <one-to-one class="model.Persona" constrained="true" embed-xml="true" name="persona"/>
        <set embed-xml="true" fetch="select" inverse="true" lazy="true" mutable="true" name="asignaturas" optimistic-lock="true" sort="unsorted" table="asignatura">
            <key on-delete="noaction">
                <column name="id_profesor"/>
            </key>
            <one-to-many class="model.Asignatura" embed-xml="true" not-found="exception"/>
        </set>
    </class>
</hibernate-mapping>
