<?xml version="1.0" encoding="UTF-8" standalone="no"?>
<!-- Generated 15 dic 2021 20:15:27 by Hibernate Tools 5.4.32.Final --><!DOCTYPE hibernate-mapping PUBLIC "-//Hibernate/Hibernate Mapping DTD 3.0//EN" "http://www.hibernate.org/dtd/hibernate-mapping-3.0.dtd">
<hibernate-mapping auto-import="true" default-access="property" default-cascade="none" default-lazy="true">
    <class catalog="universidad3" dynamic-insert="false" dynamic-update="false" mutable="true" name="model.ResumenAsignatura" optimistic-lock="none" polymorphism="implicit" select-before-update="false" table="resumen_asignatura">
        <id name="id" type="int">
            <column name="id"/>
            <generator class="foreign">
                <param name="property">asignatura</param>
            </generator>
        </id>
        <one-to-one class="model.Asignatura" constrained="true" embed-xml="true" name="asignatura"/>
        <property generated="never" lazy="false" name="numeroalum" optimistic-lock="true" type="int" unique="false">
            <column name="numeroalum" not-null="true"/>
        </property>
        <property generated="never" lazy="false" name="notamedia" optimistic-lock="true" type="float" unique="false">
            <column name="notamedia" not-null="true" precision="12" scale="0"/>
        </property>
    </class>
</hibernate-mapping>
