<?xml version="1.0" encoding="UTF-8" standalone="no"?>
<!-- Generated 15 dic 2021 20:15:27 by Hibernate Tools 5.4.32.Final --><!DOCTYPE hibernate-mapping PUBLIC "-//Hibernate/Hibernate Mapping DTD 3.0//EN" "http://www.hibernate.org/dtd/hibernate-mapping-3.0.dtd">
<hibernate-mapping auto-import="true" default-access="property" default-cascade="none" default-lazy="true">
    <class catalog="universidad3" dynamic-insert="false" dynamic-update="false" mutable="true" name="model.ResumenAlumno" optimistic-lock="none" polymorphism="implicit" select-before-update="false" table="resumen_alumno">
        <composite-id class="model.ResumenAlumnoId" mapped="false" name="id" unsaved-value="undefined">
            <key-property name="idAlumno" type="int">
                <column name="id_alumno"/>
            </key-property>
            <key-property name="idCursoEscolar" type="int">
                <column name="id_curso_escolar"/>
            </key-property>
        </composite-id>
        <many-to-one class="model.CursoEscolar" embed-xml="true" fetch="select" insert="false" name="cursoEscolar" not-found="exception" optimistic-lock="true" unique="false" update="false">
            <column name="id_curso_escolar" not-null="true"/>
        </many-to-one>
        <many-to-one class="model.Persona" embed-xml="true" fetch="select" insert="false" name="persona" not-found="exception" optimistic-lock="true" unique="false" update="false">
            <column name="id_alumno" not-null="true"/>
        </many-to-one>
        <property generated="never" lazy="false" name="numeroasig" optimistic-lock="true" type="int" unique="false">
            <column name="numeroasig" not-null="true"/>
        </property>
        <property generated="never" lazy="false" name="notamedia" optimistic-lock="true" type="float" unique="false">
            <column name="notamedia" not-null="true" precision="12" scale="0"/>
        </property>
    </class>
</hibernate-mapping>
